AltimeterType,MergedFileCycleNum,YearFraction,NumObservations,NumWeightObs,StdDev,GSML
0,11,1993.014526,449167,325762.31,89.21,-16.56
0,12,1993.041626,442863,321874.81,91.67,-15.89
0,13,1993.068848,455235,330783.41,87.23,-15.3
0,14,1993.095947,405960,295232.81,90.51,-14.71
0,15,1993.123169,443762,320404.5,88.25,-13.95
0,16,1993.150269,401964,290601.91,87.95,-12.85
0,17,1993.17749,451030,325607.91,86.28,-11.38
0,18,1993.20459,449103,324084.81,86.46,-10.43
0,19,1993.231812,444683,320549,85.62,-9.79
999,20,1993.259033,453272,330625.59,100.06,-9.33
0,21,1993.286133,444537,320365.81,84.27,-8.96
0,22,1993.313355,452455,326443.41,83.62,-8.73
0,23,1993.340454,449582,325639.41,82.92,-8.65
0,24,1993.367676,449888,324459.69,82.38,-8.6
0,25,1993.394775,451614,325850.31,81.88,-8.64
0,26,1993.421997,453404,327526.31,82.72,-8.45
0,27,1993.449097,449850,325608.09,81.65,-8.41
0,28,1993.476318,450658,326969.81,79.89,-8.46
0,29,1993.503418,434491,317374.31,79.72,-8.81
0,30,1993.53064,443183,324192.81,81.03,-9.36
999,31,1993.557861,250246,186603.5,90.61,-9.82
0,32,1993.584961,439275,322355,82.5,-9.98
0,33,1993.612183,408450,299406,83.15,-9.89
0,34,1993.639282,435618,320959.19,84.84,-9.8
0,35,1993.666504,433757,320039.31,84.74,-9.77
0,36,1993.693604,436174,321752.91,82.75,-9.79
0,37,1993.720825,395004,292197,82.57,-9.85
0,38,1993.747925,437304,322723.19,83.05,-9.57
0,39,1993.775147,435258,321005.19,84.35,-9.32
0,40,1993.802246,437227,321177.5,82.51,-9.18
999,41,1993.829468,449305,334348.5,95.37,-9.25
0,42,1993.85669,446017,326013.81,82.64,-9.3
0,43,1993.883789,444482,324038.69,81.76,-9.01
0,44,1993.911011,434667,315678.09,81.61,-8.34
0,45,1993.93811,452899,328359.31,81.64,-7.58
0,46,1993.965332,453477,327174.41,81.98,-7.1
0,47,1993.992432,444739,321407.59,81.71,-7.54
0,48,1994.019653,454967,328939.09,81.54,-7.64
0,49,1994.046753,448251,324332.69,81.02,-8.26
0,50,1994.073975,447802,324381,80.06,-8.97
0,51,1994.101074,450186,324591.31,80.18,-9.56
0,52,1994.128296,455361,328748.5,80.73,-9.79
0,53,1994.155518,454989,328549.91,81.52,-9.47
0,54,1994.182617,448159,323272.09,83.61,-8.61
999,55,1994.209839,369250,269683.5,93.17,-7.53
0,56,1994.236939,451303,325490,82.33,-6.81
0,57,1994.26416,451162,325226.59,81.86,-6.69
0,58,1994.29126,451538,325386.19,82.12,-7.24
0,59,1994.318481,450834,324258,81.74,-7.61
0,60,1994.345581,455102,328461.59,80.86,-8.26
0,61,1994.372803,450882,325407.31,81.24,-8.62
0,62,1994.399902,451081,326092.5,81.45,-9.14
0,63,1994.427124,450858,326170.81,79.65,-9.31
0,64,1994.454346,448000,325353,80.36,-9.43
999,65,1994.481445,458045,338323.31,89.18,-9.58
0,66,1994.508667,432260,316037.31,79.45,-9.67
0,67,1994.535767,443454,323913.5,80.41,-9.67
0,68,1994.562988,436357,321554.5,82.97,-9.65
0,69,1994.590088,437451,321613.91,83.87,-9.64
0,70,1994.61731,438872,323728.69,83.61,-9.63
0,71,1994.644409,436919,322849.31,85.03,-9.67
0,72,1994.671631,433600,321605.59,88,-9.67
0,73,1994.698731,428131,316825.41,89.69,-9.56
0,74,1994.725952,432681,319989.81,92.05,-9.65
0,75,1994.753052,428203,317170.31,88.49,-9.7
0,76,1994.780273,427123,314275.5,88.84,-9.63
0,77,1994.807495,439899,322879.09,88.83,-9.54
0,78,1994.834595,439970,323630.5,91.69,-9.65
999,79,1994.861816,391952,292293.59,101.66,-10.02
0,80,1994.888916,440340,320200.69,93.3,-10.25
0,81,1994.916138,448913,325800.69,89.58,-9.93
0,82,1994.943237,454510,328455,87.83,-9.07
0,83,1994.970459,452843,326967.59,89.33,-8.01
0,84,1994.997559,452117,326376.09,92.35,-7.3
0,85,1995.02478,451872,326410.31,91.41,-6.81
0,86,1995.05188,453030,327370.5,86.65,-6.57
0,87,1995.079102,452739,327198.31,88.15,-6.86
0,88,1995.106323,450860,325273.59,85.42,-7.17
0,89,1995.133423,452174,326634.59,86.01,-7.19
0,90,1995.160645,453642,327045.19,85.62,-6.61
999,91,1995.187744,466581,339869.59,97.67,-6.09
0,92,1995.214966,449398,323055.19,89.06,-5.71
0,93,1995.242065,448308,323798.81,84.61,-5.82
0,94,1995.269287,450951,325403.69,84.08,-6.17
0,95,1995.296387,452129,326243.41,84.61,-6.48
0,96,1995.323608,450396,324405.41,82.72,-6.61
999,97,1995.350708,461637,338233.91,92.61,-6.73
0,98,1995.37793,451672,325830.41,80.9,-6.82
0,99,1995.405151,448927,323312.19,78.68,-6.87
0,100,1995.432251,435351,315189.69,81.13,-7.09
0,101,1995.459473,452907,328866.59,79.92,-7.58
0,102,1995.486572,448345,327178,79.07,-8.25
999,103,1995.513794,453353,336343.91,88.86,-8.55
0,104,1995.540894,440123,322534.09,79.47,-9.14
0,105,1995.568115,441950,325443.59,78.3,-9.23
0,106,1995.595215,442154,326735.41,77.74,-9.19
0,107,1995.622437,435793,322505.91,80.57,-8.9
0,108,1995.649536,435971,322172.09,79.85,-8.7
0,109,1995.676758,428997,317226.5,80.01,-8.41
0,110,1995.70398,436969,322783.59,81.71,-7.88
0,111,1995.731079,437625,323122.59,82.32,-8.02
0,112,1995.758301,441753,325107.91,83.61,-7.74
0,113,1995.7854,441412,324670.41,84.79,-7.88
999,114,1995.812622,451245,336289.09,92.81,-7.94
0,115,1995.839722,441747,322478.41,80.43,-7.76
0,116,1995.866943,448098,326918.59,81.19,-7.42
0,117,1995.894043,392505,286221.31,81.08,-7.11
999,118,1995.921265,1249,888.4,78.64,-7.03
0,119,1995.948364,454380,328134.09,80.68,-7.38
0,120,1995.975586,450628,325107.69,79.3,-7.58
0,121,1996.002808,440289,317101.81,79.66,-7.91
0,122,1996.029785,448391,323601.81,80.83,-8.07
0,123,1996.056885,307965,221008.8,80.84,-7.81
0,124,1996.083984,455248,328856.59,81.17,-6.86
0,125,1996.111084,450161,324968.91,82.81,-6.07
999,126,1996.138184,466881,339476.91,90.72,-5.16
0,127,1996.165283,440861,317392.91,81.37,-4.66
0,128,1996.192383,454120,327662.09,83.09,-4.47
0,129,1996.219482,447730,322334.91,83.69,-4.44
0,130,1996.246582,455584,328958.81,85.45,-4.44
0,131,1996.273682,454298,326725.69,83.78,-4.39
0,132,1996.300781,452442,325682.59,81.56,-4.29
0,133,1996.327881,456269,328859.19,81.89,-4.16
0,134,1996.354981,453194,327001.69,84.06,-3.87
0,135,1996.38208,452744,326311.09,82.23,-3.51
0,136,1996.40918,451877,326495,82.43,-3.16
0,137,1996.436157,452920,327075.81,81.58,-2.81
999,138,1996.463257,456902,336869.59,87.58,-2.5
0,139,1996.490356,446445,324884.41,80.17,-2.25
0,140,1996.517456,446032,324852.41,79.61,-2.09
0,141,1996.544556,443509,324934.5,80.22,-2.08
0,142,1996.571655,443965,326401.19,81.6,-2.34
0,143,1996.598755,441431,324652.19,79.95,-2.98
0,144,1996.625855,429243,317032.41,80.3,-3.59
0,145,1996.652954,433635,320757.5,82.07,-4.29
0,146,1996.680054,435763,323207.09,83.19,-4.5
0,147,1996.707153,421757,312992.69,83.82,-4.16
0,148,1996.734253,418197,310227.19,86.26,-3.31
0,149,1996.761353,439809,325216.69,83.73,-2.11
999,150,1996.788452,422800,317016.91,89.63,-0.87
0,151,1996.815552,442658,326497.91,84.87,-0.09
0,152,1996.842651,446508,328274.41,85.64,-0.08
0,153,1996.869629,440232,323853.19,87.25,-0.76
0,154,1996.896729,447099,327901.5,85.6,-1.85
0,155,1996.923828,448968,326729.41,84.63,-2.99
0,156,1996.950928,453473,328337.91,83.52,-3.82
0,157,1996.978027,444732,321120.31,85.68,-4.74
0,158,1997.005127,455659,329054.5,85.13,-5.04
0,159,1997.032349,457155,329520.91,85.53,-5.02
0,160,1997.059448,457075,330623.41,86.92,-4.78
0,161,1997.08667,457949,331268.31,85.17,-4.45
999,162,1997.11377,467967,339873.19,91.85,-4.11
0,163,1997.140991,454376,329413.09,84.67,-3.73
0,164,1997.168213,452511,327236.69,84.21,-3.23
0,165,1997.195313,450816,325261.59,87.93,-2.61
0,166,1997.222534,451369,324758.41,86.77,-1.96
0,167,1997.249634,452629,326620,85.96,-1.52
0,168,1997.276856,450927,323958.81,85.09,-1.13
0,169,1997.303955,451582,324652,83.31,-0.79
0,170,1997.331177,452799,325869,82.96,-0.51
0,171,1997.358276,451514,324803,82.48,-0.1
0,172,1997.385498,451142,325823.5,84.32,0.43
0,173,1997.412598,449550,324851.09,86.2,1.24
999,174,1997.439819,220487,161502.09,96.82,1.91
0,175,1997.467041,448988,325569.91,87.95,2.78
0,176,1997.494141,444434,322816.19,89.8,3.57
0,177,1997.521362,445806,326439.81,90.04,4.21
0,178,1997.548462,445729,327203.19,92.13,4.74
0,179,1997.575684,440924,324321,91.67,5.33
999,180,1997.602783,430083,321599.59,99.7,5.88
0,181,1997.630005,438280,324052.59,96.09,6.43
0,182,1997.657105,429782,318278.69,99.4,6.86
0,183,1997.684326,427192,316427.81,102.64,7.18
0,184,1997.711426,432778,320511.5,105.26,7.45
0,185,1997.738648,428268,317415.09,106.51,7.68
999,186,1997.765869,403803,300841.41,114.66,7.48
0,187,1997.792969,437145,321247,110.73,7.7
0,188,1997.82019,439638,321904.31,110.47,7.48
0,189,1997.84729,440388,321287.59,113.14,7.15
0,190,1997.874512,441020,321714.41,114.81,6.46
0,191,1997.901611,435251,317383.41,113.13,6.08
0,192,1997.928833,444367,323089.91,116.08,5.59
0,193,1997.955933,439715,317573.81,114.94,5.05
0,194,1997.983154,452607,326469.91,110.72,4.94
0,195,1998.010254,448259,324733.91,107.21,5.19
0,196,1998.037476,440536,317667.31,102.61,5.7
999,197,1998.064697,399269,291118.91,107.48,6.32
0,198,1998.091797,447570,322269.09,104.61,6.82
0,199,1998.119019,445758,321770.09,101.06,7.13
0,200,1998.146118,449853,325007.09,99.62,7.35
0,201,1998.17334,448474,324213.5,99,7.56
0,202,1998.20044,448515,324165.09,97.53,7.82
0,203,1998.227661,446357,322642.69,98.13,8.02
0,204,1998.254761,441984,318214,95.31,8.28
0,205,1998.281982,442563,319377.09,96.17,8.41
0,206,1998.309082,445347,321147.19,95.4,8.3
0,207,1998.336304,445930,321185.31,96.03,7.8
0,208,1998.363525,448676,324339,94.48,6.83
999,209,1998.390625,409999,300714.69,99.6,5.81
0,210,1998.417847,420289,303708,95.11,4.61
0,211,1998.444946,438526,318463.09,95.66,4.16
0,212,1998.472168,449238,327094.69,93.57,4.08
0,213,1998.499268,446869,325829.69,92.16,4.02
0,214,1998.526489,449110,327781.19,89.49,3.75
0,215,1998.553589,443208,324706.41,90.54,3.23
999,216,1998.580811,367169,273571.69,97.79,2.59
0,217,1998.60791,435736,321633.31,88.97,2.34
0,218,1998.635132,436248,322535.59,89.95,1.95
0,219,1998.662354,430525,318681.41,90.8,1.92
0,220,1998.689453,428873,319105.5,89.2,1.98
0,221,1998.716675,436289,323977,89.35,2.15
0,222,1998.743774,433607,321880.5,87.59,2.44
0,223,1998.770996,432927,321157,90.38,3.13
999,224,1998.798096,440737,329890.31,97.46,3.83
0,225,1998.825317,438426,323566.5,89.56,4.28
0,226,1998.852417,440552,323973.19,87.39,4.34
0,227,1998.879639,430910,315944.19,87.36,4.25
0,228,1998.906738,432443,316081.5,85.99,4.39
0,229,1998.93396,445425,324303.5,85.64,4.77
0,230,1998.961182,416243,301538.81,83.08,5.44
0,231,1998.988281,419524,303570.19,83.71,5.97
0,232,1999.015503,433667,313625.5,83.48,6.46
0,233,1999.042603,450840,325782.81,82.3,6.75
999,234,1999.069824,459946,334746.31,91.66,6.95
0,235,1999.096924,449223,324311.81,86.98,7.09
0,236,1999.124146,324879,234690.5,87.24,7.07
0,237,1999.151245,450214,325471.59,85.44,7.02
0,238,1999.178467,451024,325425.09,86.47,6.66
0,239,1999.205566,451416,325502.69,88.52,6.25
0,240,1999.232788,449926,325727.81,90.36,5.98
0,241,1999.26001,454118,327253.5,90.58,5.72
0,242,1999.287109,453201,326776,91.29,5.52
999,243,1999.314331,434517,316677.69,99.28,5.18
0,244,1999.341431,450028,324696,89.07,4.77
0,245,1999.368652,451084,326301.31,88.12,4.47
0,246,1999.395752,450454,327084.59,86.83,4.41
0,247,1999.422974,449951,326741.31,84.98,4.6
0,248,1999.450073,449235,326422.81,84.72,4.98
0,249,1999.477295,450489,328211.91,81.26,5.56
0,250,1999.504395,443337,324990.19,82.65,5.9
0,251,1999.531616,443283,325194.69,82.52,6.14
0,252,1999.558838,438151,322101.69,81.56,6.21
0,253,1999.585938,439912,325100.09,82.57,6.16
0,254,1999.613159,434225,322304.59,83.54,6.12
0,255,1999.640259,434761,322329.09,83.69,6.22
999,256,1999.667481,171371,128573.8,94.18,6.6
0,257,1999.69458,436571,324292.31,85.87,7.25
0,258,1999.721802,434070,321671.91,86.16,8.08
0,259,1999.748901,431570,320093.19,88.24,8.51
0,260,1999.776123,433252,320859.09,88.4,9.28
0,261,1999.803223,432137,319952,88.01,9.23
0,262,1999.830444,443563,326865.59,87.83,8.7
0,263,1999.857666,443427,325688.09,88.8,8.41
0,264,1999.884766,432129,315340.5,87.48,8.37
0,265,1999.911987,447570,326299.91,86.6,8.93
999,266,1999.939087,430418,316263.91,92.24,9.95
0,267,1999.966309,451535,327892.59,85.09,11.07
0,268,1999.993408,448941,326114.5,84.43,11.9
0,269,2000.020508,448776,325587.69,83.02,12.33
0,270,2000.047607,455835,329192.31,84.69,12.41
0,271,2000.074707,450506,325512.19,84.62,12.11
0,272,2000.101807,448866,324897.19,84.8,11.76
0,273,2000.128906,453309,328712,86.24,11.2
0,274,2000.156006,451519,326793.69,87.41,10.83
0,275,2000.183106,441093,318704.91,87.97,10.65
0,276,2000.210205,451180,325789.09,88.88,10.62
0,277,2000.237305,451188,325108.41,90.48,10.46
999,278,2000.264404,263073,192059.91,99.21,9.96
0,279,2000.291504,451780,326620.59,88.7,9.18
0,280,2000.318604,448283,324029.19,89.42,8.45
0,281,2000.345703,450644,325653.69,88.19,8.08
0,282,2000.372803,448478,325195.81,88.65,8.36
0,283,2000.39978,448694,325305.5,87.69,8.47
0,284,2000.42688,447405,325909.31,86.9,8.78
0,285,2000.45398,447763,327172.59,83.98,8.95
0,286,2000.481079,446852,325998.91,85.71,8.81
0,287,2000.508179,446276,327505.69,83.14,8.51
0,288,2000.535278,438880,322225.59,83.7,8.27
999,289,2000.562378,414336,308315.41,90.29,8.32
0,290,2000.589478,434008,320609.59,83.18,8.6
0,291,2000.616577,427016,316845.69,82.45,8.95
0,292,2000.643677,436974,324436.19,84.92,9.58
0,293,2000.670776,433571,322831,84.51,10.01
0,294,2000.697876,433252,321835,87.4,11.05
0,295,2000.724976,420631,313095.5,86.67,12.05
0,296,2000.752075,430662,318441.09,86.15,13.49
0,297,2000.779175,438536,323680.59,85.48,14.17
0,298,2000.806152,438271,323271.31,86.59,14.21
999,299,2000.833252,422763,314906.69,94.55,13.77
0,300,2000.860352,441367,322332.09,85.45,13.3
0,301,2000.887451,400738,293668.5,85.88,13.1
0,302,2000.914551,420599,306347.59,84.82,13.19
0,303,2000.94165,447353,324180.81,83.92,13.44
0,304,2000.96875,454421,328214.91,84.15,13.74
0,305,2000.99585,450802,325360.69,81.76,14.04
0,306,2001.023071,448727,323781.59,81.72,14.17
999,307,2001.050171,373375,270888.41,87.86,14.12
0,308,2001.077393,452151,327127.19,83.29,13.94
0,309,2001.104492,453458,328496.59,84.01,13.83
0,310,2001.131714,451602,327399.41,84.94,13.95
0,311,2001.158814,449841,324453.09,86.62,14.29
0,312,2001.186035,450740,325122.31,87.48,14.75
0,313,2001.213135,447385,322169.19,86.03,15.11
0,314,2001.240356,447995,323640,86.61,15.51
0,315,2001.267456,448826,323842.41,87.23,15.63
0,316,2001.294678,449045,323823.91,86.18,15.56
0,317,2001.321777,450517,326012.81,86.31,15.38
0,318,2001.348999,447778,324065.81,85.83,15.25
0,319,2001.376221,449010,324566.31,84.96,15.26
0,320,2001.40332,446208,322687.41,84.24,15.45
0,321,2001.430542,445677,321992.69,83.9,15.8
0,322,2001.457642,447802,323890.59,82.95,16.32
0,323,2001.484863,434882,316811.09,83.23,16.93
0,324,2001.511963,445082,324375.59,84.33,17.4
0,325,2001.539185,438396,321302.5,83.63,17.49
0,326,2001.566284,432366,318407.59,83.42,17.16
0,327,2001.593506,427187,314655.41,85.32,16.64
0,328,2001.620606,440628,325482.19,83.16,16.36
0,329,2001.647827,438256,323337.41,85.18,16.6
0,330,2001.675049,432079,319578.69,87.06,17.35
0,331,2001.702148,430543,318367,88.02,18.2
0,332,2001.72937,429270,317541,87.47,18.64
0,333,2001.75647,433615,321442.31,87.98,18.47
0,334,2001.783691,438713,323811.91,86.28,17.91
0,335,2001.810791,438779,322970.31,88.5,17.52
0,336,2001.838013,440497,324102.81,89.13,17.57
0,337,2001.865112,443174,325283,89.63,17.92
0,338,2001.892334,408438,298929.31,85.93,18.28
0,339,2001.919434,446908,326961.31,86.2,18.5
0,340,2001.946655,445640,324053.69,83.63,18.67
0,341,2001.973877,446421,324679,84.14,18.88
0,342,2002.000977,449451,325914.91,85.89,19.12
0,343,2002.028198,440594,319066.41,84.98,19.25
0,344,2002.055298,445973,322494.19,83.53,19.22
0,345,2002.08252,449122,325392.69,83.86,19.1
0,346,2002.109619,447752,323996,82.22,18.98
0,347,2002.136841,450880,325961.19,82.34,18.95
0,348,2002.16394,445212,321708.59,82.74,18.97
0,349,2002.191162,446338,322309.69,83.31,18.95
0,350,2002.218262,444816,320649.91,82.57,18.84
0,351,2002.245483,448109,323427.31,84.84,18.67
0,352,2002.272705,447197,321537.5,84.21,18.53
0,353,2002.299805,418698,301625,80.95,18.46
0,354,2002.327026,443601,320891.69,82.99,18.5
0,355,2002.354126,450865,325381.19,83.37,18.56
0,356,2002.381348,461882,333349.59,84.5,18.58
0,357,2002.408447,460733,332620.31,83.01,18.57
0,358,2002.435669,459908,334345.41,82.36,18.63
0,359,2002.462769,456510,333424.09,82.08,18.93
0,360,2002.48999,455656,332515.19,85.53,19.55
0,361,2002.51709,458910,335270.91,85.75,20.39
0,362,2002.544312,451332,331209.91,86.91,21.32
0,363,2002.571533,452321,333039.59,88.37,22.11
0,364,2002.598633,450385,331104.19,87.03,22.49
0,365,2002.625855,450908,332477.41,88.73,22.33
0,366,2002.652954,445887,329827,89.6,21.84
0,367,2002.680176,445674,330204.09,93.61,21.42
0,368,2002.707275,445905,329038.41,95.56,21.43
0,369,2002.734497,446727,329139.41,96.44,21.88
0,370,2002.761597,447267,328984.91,95.68,22.55
0,371,2002.788818,448306,329633.41,99.16,23.11
0,372,2002.815918,445078,326088.81,100.95,23.4
0,373,2002.84314,449806,329528,98.96,23.47
0,374,2002.870361,455705,332989.69,97.16,23.39
0,375,2002.897461,458383,333287.59,94.78,23.19
0,376,2002.924683,458745,332448.69,94.52,22.88
0,377,2002.951782,459810,331461.81,94.83,22.5
0,378,2002.979004,462926,333968.5,93.25,22.22
0,379,2003.006104,463584,334638.5,90.75,22.33
0,380,2003.033325,463917,335564.19,88.8,22.91
0,381,2003.060425,454776,329030,90.22,23.65
0,382,2003.087647,462713,335104,89.26,24.11
0,383,2003.114746,461886,334549,89.29,24.05
0,384,2003.141968,462918,334861.41,89.05,23.69
0,385,2003.16919,454461,327926.59,90.23,23.46
0,386,2003.196289,460563,332340.5,91.19,23.52
0,387,2003.223511,461561,332742.81,90.91,23.67
0,388,2003.25061,456462,328985.09,90.71,23.63
0,389,2003.277832,268512,193830.7,88.65,23.28
0,390,2003.304932,458313,331244.81,88.23,22.8
0,391,2003.332153,460317,332646.19,88.77,22.38
0,392,2003.359253,465840,336559.41,87.94,22.09
0,393,2003.386475,458595,332314.19,88.15,21.84
0,394,2003.413574,460249,333298.5,85.59,21.54
0,395,2003.440796,457587,331345.19,85.33,21.24
0,396,2003.468018,456755,332148,86.03,21.1
0,397,2003.495117,454379,330735.19,85.81,21.21
0,398,2003.522339,454439,332983.91,86.61,21.48
0,399,2003.549439,451964,332394.69,88.19,21.67
0,400,2003.57666,446602,329121.59,87.88,21.62
0,401,2003.60376,446426,328975.41,87.31,21.42
0,402,2003.630981,447120,329227.59,87.27,21.38
0,403,2003.658081,447189,329822.09,91.32,21.67
0,404,2003.685303,444551,329544.59,91.53,22.21
0,405,2003.712402,405860,299895.31,92.27,22.67
0,406,2003.739624,444024,328428.81,94.16,22.85
0,407,2003.766846,442852,327879.69,94.43,22.76
0,408,2003.793945,448089,330598.81,93.61,22.55
0,409,2003.821167,446323,329000.91,94.84,22.33
0,410,2003.848267,449524,331341.69,94.82,22.19
0,411,2003.875488,390526,286642.19,92.2,22.2
0,412,2003.902588,78630,57149.8,95.94,22.45
0,413,2003.92981,455176,330987.09,91.52,22.95
0,414,2003.956909,460496,334295.19,89.57,23.65
0,415,2003.984131,465731,336605.31,87.96,24.47
0,416,2004.011231,465156,336679.91,87.89,25.22
0,417,2004.03833,457787,329776.31,91.19,25.62
0,418,2004.06543,456344,328806.19,90.69,25.45
0,419,2004.092529,465096,335832.19,86.4,24.89
0,420,2004.119629,336188,242919.91,85.32,24.39
0,421,2004.146729,290769,209560.41,86.21,24.31
0,422,2004.173828,463886,334775.5,87.26,24.65
0,423,2004.200928,462577,333780.81,88.15,25.11
0,424,2004.228027,459334,331093.91,89.52,25.44
0,425,2004.255127,362942,261236.09,90.21,25.56
0,426,2004.282227,460270,330991.09,90.13,25.42
0,427,2004.309326,460927,332706.31,89.82,24.98
0,428,2004.336304,464991,335926.5,86.79,24.24
0,429,2004.363403,465629,336650.19,86.17,23.41
0,430,2004.390503,460698,332637.19,86.99,22.79
0,431,2004.417603,461684,333790,86.7,22.71
0,432,2004.444702,461081,333566.59,85.17,23.23
0,433,2004.471802,455072,331220.41,85.76,24.18
0,434,2004.498901,446479,325436.69,85.46,25.12
0,435,2004.526001,450419,328539.59,86.16,25.67
0,436,2004.553101,450795,329877,86.44,25.77
0,437,2004.5802,445204,328610.09,85.54,25.7
0,438,2004.6073,445711,329387.5,87.49,25.83
0,439,2004.634399,449615,332396.5,90.85,26.29
0,440,2004.661499,445532,330421.19,91.89,26.88
0,441,2004.688599,442843,328885.31,93.02,27.23
0,442,2004.715698,441679,328222.19,94.97,27.15
0,443,2004.742676,442930,328676.41,92.23,26.75
0,444,2004.769775,443230,328908.69,94.09,26.36
0,445,2004.796875,435357,321647,93.09,26.21
0,446,2004.823975,441906,326036.81,93.67,26.36
0,447,2004.851074,451311,330904.09,94.4,26.65
0,448,2004.878174,451858,330655.69,94.22,27.01
0,449,2004.905273,450848,328278.41,92.29,27.47
0,450,2004.932373,459069,333982.91,92.25,28.11
0,451,2004.959473,452325,327481.91,92.14,28.73
0,452,2004.986572,463278,335047.41,92.41,29.1
0,453,2005.013672,466941,337891.19,91.11,29.15
0,454,2005.040894,459252,332236.31,89.52,29.09
0,455,2005.067993,460715,331329,89.05,29.3
0,456,2005.095215,463544,334835.19,88.81,29.99
0,457,2005.122315,454518,328108.41,89.54,30.97
0,458,2005.149536,449590,324266.69,90.93,31.86
0,459,2005.176636,460250,331902.31,94.91,32.19
0,460,2005.203857,458930,330278.31,93.49,31.84
0,461,2005.231079,451431,325442.59,88.94,31.14
0,462,2005.258179,465436,336036.59,87.13,30.56
0,463,2005.2854,454123,327441.81,88.51,30.35
0,464,2005.3125,460072,330791.91,89.26,30.43
0,465,2005.339722,462257,333705.69,89.79,30.6
0,466,2005.366821,460566,332351.19,90.07,30.7
0,467,2005.394043,456312,329659.09,89.05,30.75
0,468,2005.421143,463577,335856.41,87.51,30.81
0,469,2005.448364,462972,336600.19,87.14,30.93
0,470,2005.475464,457995,333772,87.3,31.02
0,471,2005.502686,455917,333233.5,87.53,30.99
0,472,2005.529907,450398,329836.91,88.3,30.78
0,473,2005.557007,452569,332659.91,86.47,30.49
0,474,2005.584229,437481,322692.69,87.45,30.26
0,475,2005.611328,446954,330214.69,87.12,30.17
0,476,2005.63855,441351,326291.41,87.97,30.2
0,477,2005.665649,444592,328902.59,89.14,30.29
0,478,2005.692871,445462,329647.69,92.02,30.37
0,479,2005.719971,257235,190528.2,98.92,30.4
0,480,2005.747192,279007,207328.8,91.85,30.45
0,481,2005.774292,443102,327342.41,90.22,30.62
0,482,2005.801514,446875,329234.81,91.78,31.04
0,483,2005.828735,446228,329228.69,93.77,31.72
0,484,2005.855835,450043,330858,95.45,32.51
0,485,2005.883057,445781,326664.19,93.26,33.21
0,486,2005.910156,455558,332001.91,92.07,33.65
0,487,2005.937378,461402,335475.91,91.17,33.71
0,488,2005.964478,461542,333991.31,90.58,33.33
0,489,2005.991699,455579,328862.31,90.63,32.56
0,490,2006.018799,464605,335703.19,87.45,31.66
0,491,2006.046021,466066,336946.31,88.12,30.95
0,492,2006.07312,464805,335714.59,88.2,30.65
0,493,2006.100342,462667,333485.81,90.07,30.71
0,494,2006.127564,459648,331860.91,90.25,30.86
0,495,2006.154663,460182,331747.09,92.54,30.84
0,496,2006.181885,461034,332363.5,92.75,30.58
0,497,2006.208984,463024,333985.81,91.65,30.24
0,498,2006.236206,465041,335352,92.51,30.01
0,499,2006.263306,461613,333343.41,90.33,29.94
0,500,2006.290527,457580,329547.09,90.91,30.02
0,501,2006.317627,458129,330040.5,91.19,30.27
0,502,2006.344849,458731,330572.09,89.2,30.74
0,503,2006.371948,458737,330787.5,89.23,31.37
0,504,2006.39917,457058,330343.41,90.89,32.04
0,505,2006.426392,454878,329372.09,88.88,32.59
0,506,2006.453491,460732,333781.19,89.36,32.99
0,507,2006.480713,458284,332193.91,87.74,33.27
0,508,2006.507813,452838,329372.19,87.4,33.43
0,509,2006.535034,458100,335182,87.57,33.44
0,510,2006.562134,450092,331849.41,87.44,33.28
0,511,2006.589356,450395,331439.69,88.78,33
0,512,2006.616455,449051,331652.91,90.6,32.73
0,513,2006.643677,444029,328504.91,91.72,32.58
0,514,2006.670776,441777,326325.31,94.32,32.61
0,515,2006.697998,442459,327784.81,92.97,32.77
0,516,2006.72522,433031,322208.19,96.03,33.02
0,517,2006.752319,443479,328263,96.05,33.31
0,518,2006.779541,443919,328077.41,96.81,33.64
0,519,2006.806641,446584,329137.69,96.95,33.96
0,520,2006.833862,196341,144508.5,96.43,34.17
0,522,2006.888184,352541,257817.7,95.37,34.23
0,523,2006.915283,457317,333379.81,93.59,34.25
0,524,2006.942505,443988,321831,95.29,34.12
0,525,2006.969605,461595,332813.19,90.84,33.65
0,526,2006.996826,466176,336351.59,88.12,32.91
0,527,2007.024048,463229,334074.5,86.59,32.55
0,528,2007.051148,461196,333342.59,86.76,31.97
0,529,2007.078369,461682,333388.41,88.88,32.12
0,530,2007.105469,464603,335721.81,89.67,32.49
0,531,2007.13269,460184,331886.59,88.98,32.75
0,532,2007.15979,464274,334977.41,91.72,32.82
0,533,2007.187012,462451,334361.59,91.75,32.84
0,534,2007.214111,461240,333533.5,93.02,33.02
0,535,2007.241333,460996,332930.59,92.8,33.33
0,536,2007.268433,459864,331645.81,95.32,33.51
0,537,2007.295654,459218,330976.59,92.14,33.35
0,538,2007.322754,458910,331190.09,90.59,32.92
0,539,2007.349976,459501,331714.91,89.71,32.54
0,540,2007.377197,460630,333452.41,92.02,32.47
0,541,2007.404297,455241,330031.69,89.88,32.58
0,542,2007.431519,459891,334304.31,89.02,32.58
0,543,2007.458618,456286,331370.09,87.11,32.27
0,544,2007.48584,457357,333382.41,89.54,31.69
0,545,2007.51294,456659,334407.59,87.88,31.09
0,546,2007.540161,455159,334056.09,87.01,30.65
0,547,2007.567261,446726,328717.69,86.84,30.42
0,548,2007.594482,448635,331566.5,89.12,30.23
0,549,2007.621582,446656,329354.91,89.91,29.94
0,550,2007.648804,445360,328623.31,88.99,29.59
0,551,2007.676025,445613,329659.31,90.4,29.43
0,552,2007.703125,443684,329614.81,93.52,29.65
0,553,2007.730347,446432,330844.5,97.37,30.21
0,554,2007.757446,446878,330651.5,96.99,30.8
0,555,2007.784668,441308,325614.81,97.1,31.33
0,556,2007.811768,448586,331183,96.88,31.91
0,557,2007.838989,452629,333321.81,94.34,32.7
0,558,2007.866089,455328,333765.09,94.76,33.58
0,559,2007.893311,456704,333530.41,94.97,34.18
0,560,2007.92041,455231,330811.5,92.81,34.15
0,561,2007.947632,461241,334542,91.02,33.53
0,562,2007.974854,460181,332978.41,88.51,32.82
0,563,2008.001953,462672,334734.5,89.82,32.49
0,564,2008.029053,463081,334377.69,90.6,32.61
0,565,2008.056152,462298,334125.5,92.96,32.82
0,566,2008.083252,462510,334332,93.19,32.76
0,567,2008.110352,456986,331232.31,92.59,32.48
0,568,2008.137451,460472,333356.31,94.78,32.24
0,569,2008.164551,460649,333353.31,94.06,32.32
0,570,2008.19165,462601,334988,96.09,32.64
0,571,2008.21875,461495,333928.41,96.92,32.91
0,572,2008.24585,459298,331270.31,96.2,32.95
0,573,2008.272827,456955,329311.41,95.16,32.81
0,574,2008.299927,456465,329398.81,96.45,32.81
0,575,2008.327026,455917,328749.41,94.53,33.3
0,576,2008.354126,201267,145743.59,94.51,34.37
0,577,2008.381226,458023,330430.81,93.59,35.72
0,578,2008.408325,461711,334130.41,94.56,36.89
0,579,2008.435425,460302,334508.91,93.52,37.56
0,580,2008.462524,457612,333775.19,90.65,37.76
0,581,2008.489624,456764,333016.81,91.38,37.64
0,582,2008.516724,457285,333725.31,91.88,37.3
0,583,2008.543823,440979,324845.31,93.4,36.78
0,584,2008.570923,451732,332502.19,94.77,36.16
0,585,2008.598023,440842,325454.09,92.97,35.6
0,586,2008.625122,448437,332640.5,92.94,35.2
0,587,2008.652222,436973,324516.91,94.48,35.03
0,588,2008.679321,440236,326676.81,97.37,35.04
0,589,2008.706299,445677,329834.31,97.7,35.13
0,590,2008.733398,445443,329302.31,97.91,35.24
0,591,2008.760498,446090,329105.81,96.48,35.34
0,592,2008.787598,449582,332223.91,98.11,35.48
0,593,2008.814697,448632,332178.31,98.31,35.67
0,594,2008.841797,450279,332603.69,96.92,35.98
0,595,2008.868897,453135,332893.41,97.48,36.3
0,596,2008.895996,456770,334054.5,97.31,36.53
0,597,2008.923096,453786,330478.09,96.65,36.57
0,598,2008.950195,459722,333979.5,94.14,36.46
0,599,2008.977295,461658,335532,92.45,36.38
0,600,2009.004395,467562,337791.91,93.82,36.41
0,601,2009.031494,355347,256825.41,91.75,36.45
0,602,2009.058716,376946,273032.19,92.61,36.41
0,603,2009.085815,462560,334288.5,91.61,36.37
0,604,2009.113037,465720,336533.31,92.29,36.58
0,605,2009.140259,465399,336210.31,94.08,37.11
0,606,2009.167358,461469,333813.91,95.58,37.81
0,607,2009.19458,461243,333045.19,95.92,38.35
0,608,2009.22168,461975,333326.69,95.38,38.58
0,609,2009.248901,460590,332152.69,94.46,38.6
0,610,2009.276001,463872,335468.81,94.94,38.6
0,611,2009.303223,465126,335704.81,94.47,38.67
0,612,2009.330322,447691,323055.09,93.03,38.7
0,613,2009.357544,457908,331360.69,94.23,38.53
0,614,2009.384644,462920,334306.5,93.06,38.18
0,615,2009.411865,442287,320345.41,90.44,37.83
0,616,2009.439087,455084,330315,90.31,37.66
0,617,2009.466187,460800,335871.41,90.03,37.74
0,618,2009.493408,453082,330937.81,88.29,38
0,619,2009.520508,456160,334466.19,88.62,38.38
0,620,2009.54773,451263,332303,89.01,38.82
0,621,2009.574829,450531,332184.69,90.47,39.28
0,622,2009.602051,449982,333325.09,91.33,39.74
0,623,2009.62915,443338,328226.19,94.58,40.24
0,624,2009.656372,445812,330306.5,95.27,40.83
0,625,2009.683472,442643,329434.59,97.66,41.38
0,626,2009.710693,443211,330066.09,98.85,41.81
0,627,2009.737915,444201,329663,97.86,42.19
0,628,2009.765015,445202,330784.31,97.88,42.7
0,629,2009.792236,444120,329054.19,97.83,43.37
0,630,2009.819336,445450,329871.09,100.53,44
0,631,2009.846558,448435,331337.81,102.8,44.27
0,632,2009.873657,452505,333463.19,98.97,44.13
0,633,2009.900879,455688,333711.81,99.58,43.74
0,634,2009.927979,456261,332303.09,97.97,43.4
0,635,2009.9552,462253,333984.09,96.18,43.14
0,636,2009.9823,464978,335423.59,99.28,42.84
0,637,2010.009522,466293,336745.31,96.8,42.33
0,638,2010.036743,462396,333847.59,93.92,41.72
0,639,2010.063843,464396,335547.81,90.92,41.42
0,640,2010.091065,463643,334983.91,90.16,41.77
0,641,2010.118164,463703,334570.31,95.23,42.61
0,642,2010.145386,465596,336297.91,97.62,43.35
0,643,2010.172485,463256,334103.81,99.68,43.41
0,644,2010.199707,461427,333337.41,93.68,42.79
0,645,2010.226807,462913,334619.09,92.94,41.96
0,646,2010.254028,463345,334821.19,94.23,41.43
0,647,2010.281128,464655,335608.09,92.95,41.42
0,648,2010.30835,462970,334313.19,93.29,41.76
0,649,2010.335571,463716,335023.41,94.16,42.21
0,650,2010.362671,461897,333826.31,94.52,42.63
0,651,2010.389893,462273,335447.91,94.43,43.09
0,652,2010.416992,460771,335401,93.21,43.56
0,653,2010.444214,461596,335701.41,97.21,43.92
0,654,2010.471314,460303,335798.91,96.77,43.94
0,655,2010.498535,453488,332969.81,96.51,43.49
0,656,2010.525635,453283,333570.69,94.22,42.69
0,657,2010.552856,453569,334964.09,93.3,41.79
0,658,2010.579956,443475,328224,94.03,40.94
0,659,2010.607178,444287,330975.19,97.29,40.14
0,660,2010.634399,444868,331139.59,98.46,39.31
0,661,2010.661499,448189,334268.91,98.76,38.46
0,662,2010.688721,444277,331426.09,101.24,37.69
0,663,2010.71582,443363,330687.31,102.44,37.22
0,664,2010.743042,445271,330957.81,101.79,37.11
0,665,2010.770142,445273,331028.09,103.76,37.3
0,666,2010.797363,444019,329684.91,104.35,37.53
0,667,2010.824463,446417,330941.19,103.82,37.54
0,668,2010.851685,447574,331417.69,102.43,37.26
0,669,2010.878784,451661,333518.5,100.01,36.88
0,670,2010.906006,454883,335460.81,99.68,36.65
0,671,2010.933228,457981,336372.19,100.31,36.64
0,672,2010.960327,457499,334437,98.44,36.75
0,673,2010.987549,460269,335508.41,99.77,36.78
0,674,2011.014648,464322,337061,98.6,36.7
0,675,2011.04187,463581,335555,99.61,36.69
0,676,2011.06897,465142,335896.19,98.4,36.85
0,677,2011.096191,466059,337387.59,98.22,37.14
0,678,2011.123291,460699,333490.41,99.48,37.31
0,679,2011.150513,462910,334739.31,99.08,37.19
0,680,2011.177612,463111,334675.19,99.27,36.82
0,681,2011.204834,464977,336352.69,99.33,36.39
0,682,2011.232056,462824,334575.69,98.86,36.17
0,683,2011.259155,460549,332495.09,99.33,36.18
0,684,2011.286377,462695,334092.91,100.14,36.27
0,685,2011.313477,463762,335224.31,100.37,36.36
0,686,2011.340698,464786,336147.69,96.56,36.55
0,687,2011.367798,463917,335147.69,96.56,37.06
0,688,2011.39502,465001,336659.91,95.14,37.93
0,689,2011.422119,464269,336068.59,95.96,39.01
0,690,2011.449341,459755,335294.41,94.81,39.96
0,691,2011.47644,462287,337300.69,94.89,40.55
0,692,2011.503662,454896,333742,92.69,40.81
0,693,2011.530884,457777,336029,90.97,41.04
0,694,2011.557983,456219,336424.59,92.83,41.5
0,695,2011.585205,450287,332961.31,95.62,42.18
0,696,2011.612305,444702,329400.31,97.27,42.8
0,697,2011.639526,442292,327938.19,99.52,43.03
0,698,2011.666626,445838,330465.5,100.37,42.9
0,699,2011.693848,447920,332110.5,102.38,42.64
0,700,2011.720947,448288,333227.81,100.59,42.55
0,701,2011.748169,443523,330156.59,103,42.65
0,702,2011.775269,403885,298996.41,104.66,42.69
0,703,2011.80249,448965,330735.91,106.92,42.51
0,704,2011.829712,450047,332202.69,103.83,42.25
0,705,2011.856812,454455,333307.5,102.66,42.22
0,706,2011.884033,456500,334283.81,99.66,42.61
0,707,2011.911133,459993,335658.81,101.42,43.25
0,708,2011.938355,459855,334704.69,98.53,43.87
0,709,2011.965454,463513,335851.59,96.72,44.44
0,710,2011.992676,465177,337419.41,96.13,45.12
0,711,2012.019775,464931,336636.59,95.49,45.98
0,712,2012.046875,466696,337285.59,95.01,46.9
0,713,2012.073975,466471,337399.59,96.05,47.59
0,714,2012.101074,462685,334713.5,97.34,47.84
0,715,2012.128174,463112,334063,98.36,47.67
0,716,2012.155273,463693,335028.81,97.97,47.34
0,717,2012.182373,464197,336945.19,99.71,47.09
0,718,2012.209351,461746,334703,99.86,47.1
0,719,2012.23645,460183,332844.69,99.23,47.26
0,720,2012.26355,459055,331681.5,101.31,47.39
0,721,2012.290649,460528,333183.5,100.84,47.45
0,722,2012.317749,460802,333251.81,100.45,47.55
0,723,2012.344849,460475,333263.31,100.28,47.84
0,724,2012.371948,458456,331234.31,100.01,48.36
0,725,2012.399048,372523,269138,97.9,49.07
0,726,2012.426148,462296,335749.69,97.62,49.86
0,727,2012.453247,461887,335308.91,97.93,50.65
0,728,2012.480347,460882,336274,97.42,51.44
0,729,2012.507446,460212,336439.41,97.28,52.26
0,730,2012.534546,452206,332895.69,100.05,52.97
0,731,2012.561646,454506,334715.41,101.67,53.29
0,732,2012.588745,448289,330974.5,101.35,53.07
0,733,2012.615845,447481,331277.09,102.14,52.52
0,734,2012.642822,447466,332288.5,101.95,52.11
0,735,2012.669922,446573,331724.41,104.61,52.23
0,736,2012.697022,446015,331955.91,103.76,52.82
0,737,2012.724121,444193,330534.69,106.26,53.51
0,738,2012.751221,443807,328805.41,107.36,53.92
0,739,2012.77832,447421,330486.19,105.07,54
0,740,2012.80542,447107,329938.5,102.72,53.95
0,741,2012.83252,451263,333387,102.91,54.03
0,742,2012.859619,452445,333668.5,103.18,54.36
0,743,2012.886719,456656,334421,102.14,54.8
0,744,2012.913818,461184,336078.09,100.16,55.17
0,745,2012.940918,461773,335380.31,100.11,55.38
0,746,2012.968018,460961,333938.69,98.04,55.52
0,747,2012.995117,464207,336127.09,98.58,55.69
0,748,2013.022217,467420,337923.19,97.77,55.94
0,749,2013.049439,464277,336066.5,97.33,56.13
0,750,2013.076538,459035,332250.69,98.24,56.18
0,751,2013.10376,454253,327577.09,97.76,56.12
0,752,2013.130859,463963,335245,97.69,56.13
0,753,2013.158081,465521,336824,99.18,56.28
0,754,2013.185181,461526,334705.91,100.94,56.45
0,755,2013.212402,462355,333381.69,103.08,56.36
0,756,2013.239502,124033,88604.8,102.53,55.8
0,757,2013.266724,309434,224046.59,102.81,54.93
0,758,2013.293945,463638,334239.09,99.44,54.05
0,759,2013.321045,462557,333933.31,103.97,53.42
0,760,2013.348267,463543,335341.19,106.28,52.97
0,761,2013.375366,464333,336223.81,103.79,52.54
0,762,2013.402588,461595,334056.59,101.38,52.05
0,763,2013.429688,460784,334732.31,99.6,51.67
0,764,2013.456909,459631,335862.19,98.38,51.55
0,765,2013.484009,456320,334883.69,97.89,51.73
0,766,2013.511231,453848,333530.81,98.62,52.02
0,767,2013.53833,451829,333645.19,99.08,52.16
0,768,2013.565552,446296,331017,100.56,51.98
0,769,2013.592773,447119,331619.09,98.87,51.53
0,770,2013.619873,444532,331252.31,98.14,51.14
0,771,2013.647095,444966,331768.81,99.46,51.1
0,772,2013.674194,315457,234936.09,100.75,51.4
0,773,2013.701416,224825,168362.7,104.53,51.81
0,774,2013.728516,442177,330224.69,105.38,52.11
0,775,2013.755737,442303,329279.41,106.38,52.38
0,776,2013.782837,446474,331667.5,105.7,52.77
0,777,2013.810059,446393,331776.5,104.8,53.35
0,778,2013.837158,447742,332362.41,106.64,53.94
0,779,2013.86438,449783,333432.31,104.46,54.3
0,780,2013.89148,452819,333546,104.15,54.3
0,781,2013.918701,456627,335110.59,102.09,54.1
0,782,2013.945923,459067,334710.09,98.91,53.98
0,783,2013.973023,459654,335014.31,100.31,54.18
0,784,2014.000244,461154,334785.5,99.35,54.66
0,785,2014.027344,465698,336765.81,99.34,55.21
0,786,2014.054565,466019,336431.91,98.37,55.72
0,787,2014.081665,463116,335331.59,98.18,56.28
0,788,2014.108887,465845,336839.81,99.85,56.97
0,789,2014.135986,466584,337110.81,100.59,57.75
0,790,2014.163208,416962,302322.81,103.62,58.3
0,791,2014.190308,462383,334479.31,103.14,58.35
0,792,2014.217529,463955,335010.41,102.67,57.81
0,793,2014.244751,463819,335503.81,101.47,56.87
0,794,2014.271851,464501,335703.41,98.8,55.82
0,795,2014.299072,460876,332598.81,99.15,54.94
0,796,2014.326172,405922,292226.41,100.74,54.36
0,797,2014.353394,462344,334787.81,100.75,54.13
0,798,2014.380493,462136,333435.69,100.34,54.22
0,799,2014.407715,461918,334598.31,99.35,54.64
0,800,2014.434815,461157,334486.19,98.75,55.34
0,801,2014.462036,454975,331615.19,98.22,56.21
0,802,2014.489136,453389,333059.59,98.76,57.05
0,803,2014.516357,453879,334417.31,98.71,57.66
0,804,2014.543579,449894,332687,98.41,57.98
0,805,2014.570679,443822,330037.19,98.7,58.16
0,806,2014.5979,441544,330054.09,101.58,58.4
0,807,2014.625,443142,330502.69,103.22,58.61
0,808,2014.652222,441723,328668.31,105.72,58.66
0,809,2014.679321,439673,327497.09,106.88,58.43
0,810,2014.706543,439940,327909.59,108.59,58.11
0,811,2014.733643,442131,330093.31,106.63,57.99
0,812,2014.760864,443504,329551.31,106.93,58.24
0,813,2014.787964,445866,329992.69,109.11,58.67
0,814,2014.815186,446092,329819.69,109.14,58.93
0,815,2014.842407,449332,331680.19,108.6,58.9
0,816,2014.869507,452360,332621.09,108,58.81
0,817,2014.896729,458019,334936.59,104.62,59.04
0,818,2014.923828,462400,337104.5,103.76,59.68
0,819,2014.95105,414810,302120.19,106.77,60.19
0,820,2014.978149,385778,279751.41,105.56,60.65
0,821,2015.005371,463163,336144,100.99,61.11
0,822,2015.032471,462542,335837,102.05,61.55
0,823,2015.059692,460320,333285.09,100.33,61.91